,
 ΓΕΙΑ,ΓΕΙΑ
 ΕΓΩ(1),ΕΓΩ(1)
 ΕΘΝΙΚΗ,ΕΘΝΙΚΗ
 ΕΣΥ,ΕΣΥ
 ΚΑΠΟΙΟΣ,ΚΑΠΟΙΟΣ
 ΜΕΡΕΣ_ΤΡΕΙΣ,ΜΕΡΕΣ_ΤΡΕΙΣ
 ΝΑΙ,ΝΑΙ
'Η,Η
1,1
10,10
1000,1000
14,14
15,15
18,18
2,2
20,20
200,200
3,3
30,30
400,400
5,5
60,60
60+3,60+3
AΚΟΥΩ_ΜΕΙΩΝΩ,ΑΚΟΥΩ_ΜΕΙΩΝΩ
EKEI,ΕΚΕΙ
EYXARISTV,ΕΥΧΑΡΙΣΤΩ
H,Η
HΜΕΡΕΣ,ΗΜΕΡΕΣ
KANONIKA,ΚΑΝΟΝΙΚΑ
KINHTO,ΚΙΝΗΤΟ
MAZI,ΜΑΖΙ
META,ΜΕΤΑ
MΕΧΡΙ,ΜΕΧΡΙ
NAI,ΝΑΙ
OXI,ΟΧΙ
Ή,Η
ΌΧΙ,ΟΧΙ
ΑΔΕΙΑ,ΑΔΕΙΑ
ΑΔΥΝΑΤΟΣ,ΑΔΥΝΑΤΟΣ
ΑΙΜΑ,ΑΙΜΑ
ΑΙΤΗΣΗ,ΑΙΤΗΣΗ
ΑΚΟΜΑ,ΑΚΟΜΑ
ΑΚΟΥΟΓΡΑΜΜΑ,ΑΚΟΥΟΓΡΑΜΜΑ
ΑΚΟΥΩ,ΑΚΟΥΩ
ΑΚΟΥΩ_ΜΕΙΩΝΩ,ΑΚΟΥΩ_ΜΕΙΩΝΩ
ΑΚΡΙΒΩΣ,ΑΚΡΙΒΩΣ
ΑΛΗΘΕΙΑ,ΑΛΗΘΕΙΑ
ΑΛΛΑ,ΑΛΛΑ
ΑΜΚΑ (Δ.Α.),ΑΜΚΑ(Δ.Α.)
ΑΜΚΑ(Δ.Α.),ΑΜΚΑ(Δ.Α.)
ΑΝΑΘΕΤΩ,ΑΝΑΘΕΤΩ
ΑΝΑΠΗΡΙΑ,ΑΝΑΠΗΡΙΑ
ΑΝΔΡΑΣ,ΑΝΔΡΑΣ
ΑΝΔΡΑΣ  ,ΑΝΔΡΑΣ
ΑΝΕΡΓΟΣ,ΑΝΕΡΓΟΣ
ΑΝΕΤΟ,ΑΝΕΤΟ
ΑΝΟΙΧΤΟ,ΑΝΟΙΧΤΟ
ΑΞΙΟΛΟΓΗΣΗ,ΑΞΙΟΛΟΓΗΣΗ
ΑΠΟ_ΠΑΝΩ,ΑΠΟ_ΠΑΝΩ
ΑΠΟΓΕΥΜΑ,ΑΠΟΓΕΥΜΑ
ΑΠΟΓΡΑΦΗ,ΑΠΟΓΡΑΦΗ
ΑΠΟΔΕΙΞΗ,ΑΠΟΔΕΙΞΗ
ΑΠΟΔΕΧΟΜΑΙ,ΑΠΟΔΕΧΟΜΑΙ
ΑΠΟΔΟΧΗ,ΑΠΟΔΕΧΟΜΑΙ
ΑΠΟΤΕΛΕΣΜΑ,ΑΠΟΤΕΛΕΣΜΑ
ΑΠΟΤΕΛΕΣΜΑ ,ΑΠΟΤΕΛΕΣΜΑ
ΑΠΟΥΣΙΑ,ΑΠΟΥΣΙΑ
ΑΡΙΘΜΟ,ΑΡΙΘΜΟΣ
ΑΡΙΘΜΟΣ,ΑΡΙΘΜΟΣ
ΑΡΡΩΣΤΟΣ,ΑΡΡΩΣΤΟΣ
ΑΡΧΙΖΩ,ΑΡΧΙΖΩ
ΑΣΠΡΟ,ΑΣΠΡΟ
ΑΣΠΡΟ ,ΑΣΠΡΟ
ΑΣΤΥΝΟΜΙΑ,ΑΣΤΥΝΟΜΙΑ
ΑΣΦΑΛΕΙΑ,ΑΣΦΑΛΕΙΑ
ΑΥΡΙΟ,ΑΥΡΙΟ
ΑΥΡΙΟ ,ΑΥΡΙΟ
ΑΥΤΗ_ΔΙΕΣΕΝΑΝΩ_,ΑΥΤΗ_ΔΙΝΩ_ΕΣΕΝΑ
ΑΥΤΗ_ΔΙΝΕΙ_ΕΣΕΝΑ,ΑΥΤΗ_ΔΙΝΩ_ΕΣΕΝΑ
ΑΥΤΗ_ΔΙΝΩ-ΕΣΕΝΑ,ΑΥΤΗ_ΔΙΝΩ_ΕΣΕΝΑ
ΑΥΤΗ_ΔΙΝΩ_ΕΜΕΝΑ,ΑΥΤΗ_ΔΙΝΩ_ΕΜΕΝΑ
ΑΥΤΗ_ΔΙΝΩ_ΕΣΕΝΑ,ΑΥΤΗ_ΔΙΝΩ_ΕΣΕΝΑ
ΑΥΤΗ_ΤΗ_ΣΤΙΓΜΗ,ΑΥΤΗ_ΤΗ_ΣΤΙΓΜΗ
ΑΥΤΙ,ΑΥΤΙ
ΑΥΤΟ,ΑΥΤΟ
ΑΥΤΟΚΙΝΗΤΟ,ΑΥΤΟΚΙΝΗΤΟ
ΑΥΤΟΣ,ΑΥΤΟΣ
ΑΦΕΝΤΙΚΟ,ΑΦΕΝΤΙΚΟ
ΑΦΜ(Δ.Α),ΑΦΜ(Δ.Α.)
ΑΦΜ(Δ.Α.),ΑΦΜ(Δ.Α.)
ΒΑΡΙΑ,ΒΑΡΙΑ
ΒΔΟΜΑΔΕΣ,ΕΒΔΟΜΑΔΕΣ
ΒΕΒΑΙΩΣΗ,ΒΕΒΑΙΩΣΗ
ΒΙΒΛΙΟ,ΒΙΒΛΙΟ
ΒΟΗΘEIA,ΒΟΗΘΩ
ΒΟΗΘΕΙΑ,ΒΟΗΘΩ
ΒΟΗΘΕΙΑ ,ΒΟΗΘΩ
ΒΟΗΘΩ,ΒΟΗΘΩ
ΓΑΛΑ,ΓΑΛΑ
ΓΕΙΑ,ΓΕΙΑ
ΓΕΝΝΩ,ΓΕΝΝΩ
ΓΙΑ,ΓΙΑ
ΓΙΑ ,ΓΙΑ
ΓΙΑΟΥΡΤΙ,ΓΙΑΟΥΡΤΙ
ΓΙΑΤΙ;,ΓΙΑΤΙ
ΓΙΑΤΡΟ(2),ΓΙΑΤΡΟΣ(2)
ΓΙΑΤΡΟΣ,ΓΙΑΤΡΟΣ(1)
ΓΙΑΤΡΟΣ (2),ΓΙΑΤΡΟΣ(2)
ΓΙΑΤΡΟΣ(1),ΓΙΑΤΡΟΣ(1)
ΓΙΑΤΡΟΣ(2),ΓΙΑΤΡΟΣ(2)
ΓΙΑΤΡΟΣ(20,ΓΙΑΤΡΟΣ(2)
ΓΙΑΤΡΟΣ91),ΓΙΑΤΡΟΣ(1)
ΓΡΑΜΜΑΤΕΙΑ,ΓΡΑΜΜΑΤΕΙΑ
ΓΡΑΦΕΙΟ,ΓΡΑΦΕΙΟ
ΓΡΑΦΩ,ΓΡΑΦΩ
ΓΥΝΑΙΚΑ,ΓΥΝΑΙΚΑ
ΓΥΝΑΙΚΟΛΟΓΟΣ,ΓΥΝΑΙΚΟΛΟΓΟΣ
ΔΕΗ,ΔΕΗ
ΔΕΝ _ΕΧΩ,ΔΕΝ_ΕΧΩ
ΔΕΝ_ΕΧΩ,ΔΕΝ_ΕΧΩ
ΔΕΝ_ΠΕΙΡΑΖΕΙ,ΔΕΝ_ΠΕΙΡΑΖΕΙ
ΔΕΝ_ΠΕΙΡΑΖΕΙ ,ΔΕΝ_ΠΕΙΡΑΖΕΙ
ΔΕΥΤΕΡΑ,ΔΕΥΤΕΡΑ
ΔΕΥΤΕΡΟΝ,ΔΕΥΤΕΡΟΝ
ΔΗΛΗΤΗΡΙΑΣΗ,ΔΗΛΗΤΗΡΙΑΣΗ
ΔΙΑΚΟΠΗ,ΔΙΑΚΟΠΗ
ΔΙΑΡΚΕΙΑ,ΔΙΑΡΚΕΙΑ
ΔΙΑΡΡΟΙΑ,ΔΙΑΡΡΟΙΑ
ΔΙΑΤΗΡΩ,ΔΙΑΤΗΡΩ
ΔΙΚΑΙΟΛΟΓΙΑ,ΔΙΚΑΙΟΛΟΓΙΑ
ΔΙΚΑΣΤΗΡΙΟ,ΔΙΚΑΣΤΗΡΙΟ
ΔΙΚΟ ΣΟΥ,ΔΙΚΟ_ΣΟΥ
ΔΙΚΟ_ΣΟΥ,ΔΙΚΟ_ΣΟΥ
ΔΙΚΟ_ΤΟΥ,ΔΙΚΟ_ΤΟΥ
ΔΙΚΟ_ΤΟΥ ,ΔΙΚΟ_ΤΟΥ
ΔΙΚΟΣ_ΣΟΥ,ΔΙΚΟ_ΣΟΥ
ΔΚΟΣ_ΣΟΥ,ΔΙΚΟ_ΣΟΥ
ΔΟΥΛΕΙΑ,ΔΟΥΛΕΥΩ
ΔΟΥΛΕΥΩ,ΔΟΥΛΕΥΩ
ΔΡΟΜΟΣ,ΔΡΟΜΟΣ
ΕΒΔΟΜΑΔΕΣ,ΕΒΔΟΜΑΔΕΣ
ΕΓΙΝΕ,ΕΓΙΝΕ
ΕΓΚΡΙΣΗ,ΕΓΚΡΙΣΗ
ΕΓΩ,ΕΓΩ(1)
ΕΓΩ(1,ΕΓΩ(1)
ΕΓΩ(1),ΕΓΩ(1)
ΕΓΩ(10,ΕΓΩ(1)
ΕΓΩ(1`),ΕΓΩ(1)
ΕΓΩ(2),ΕΓΩ(2)
ΕΓΩ(3),ΕΓΩ(3)
ΕΓΩ91),ΕΓΩ(1)
ΕΓΩ910,ΕΓΩ(1)
ΕΓΩ_ΔΙΝΩ_ΕΜΕΝΑ,ΕΓΩ_ΔΙΝΩ_ΕΣΕΝΑ
ΕΓΩ_ΔΙΝΩ_ΕΣΕΝΑ,ΕΓΩ_ΔΙΝΩ_ΕΣΕΝΑ
ΕΓΩ_ΠΗΓΑΙΝΩ,ΕΓΩ_ΠΗΓΑΙΝΩ
ΕΓΩ_ΦΕΡΝΩ_ΕΣΕΝΑ,ΕΓΩ_ΦΕΡΝΩ_ΕΣΕΝΑ
ΕΔΩ,ΕΔΩ
ΕΘΝΙΚΗ,ΕΘΝΙΚΗ
ΕΘΝΙΚΗ ,ΕΘΝΙΚΗ
ΕΙΔΙΚΟ,ΕΙΔΙΚΟ
ΕΙΔΙΚΟ ,ΕΙΔΙΚΟ
ΕΙΣΑΓΓΕΛΕΑΣ,ΕΙΣΑΓΓΕΛΕΑΣ
ΕΙΣΑΓΓΕΛΕΑΣ  ,ΕΙΣΑΓΓΕΛΕΑΣ
ΕΚΕΙ,ΕΚΕΙ
ΕΚΤΥΠΩΝΩ,ΕΚΤΥΠΩΝΩ
ΕΚΤΥΠΩΣΗ,ΕΚΤΥΠΩΝΩ
ΕΛΕΓΧΟΣ,ΕΛΕΓΧΩ
ΕΛΕΓΧΩ,ΕΛΕΓΧΩ
ΕΜΕΙΣ,ΕΜΕΙΣ
ΕΜΕΤΟΣ,ΕΜΕΤΟΣ
ΕΝΑ,1
ΕΝΕΗΜΕΡΩΝΩ_ΕΣΕΝΑ,ΕΝΗΜΕΡΩΝΩ_ΕΣΕΝΑ
ΕΝΗΜΕΡΏΝΩ_ΕΣΕΝΑ,ΕΝΗΜΕΡΩΝΩ_ΕΣΕΝΑ
ΕΝΗΜΕΡΦΩΝΩ_ΕΣΕΝΑ,ΕΝΗΜΕΡΩΝΩ_ΕΣΕΝΑ
ΕΝΗΜΕΡΩΝΩ,ΕΝΗΜΕΡΩΝΩ_ΕΣΕΝΑ
ΕΝΗΜΕΡΩΝΩ_ΕΣΕΝΑ,ΕΝΗΜΕΡΩΝΩ_ΕΣΕΝΑ
ΕΝΟΧΛΩ_ΕΣΕΝΑ,ΕΝΟΧΛΩ_ΕΣΕΝΑ
ΕΝΣΗΜΑ,ΕΝΣΗΜΑ
ΕΝΣΗΜΑ ,ΕΝΣΗΜΑ
ΕΝΣΗΜΑ\,ΕΝΣΗΜΑ
ΕΝΤΑΞΕ,ΕΝΤΑΞΕΙ
ΕΝΤΑΞΕΙ,ΕΝΤΑΞΕΙ
ΕΝΤΑΞΕΙ,ΕΝΤΑΞΕΙ
ΕΝΤΟΛΗ,ΕΝΤΟΛΗ
ΕΞΑΦΑΝΙΖΟΜΑΙ,ΕΞΑΦΑΝΙΖΟΜΑΙ
ΕΞΕΤΑΣΕΙΣ,ΕΞΕΤΑΣΗ
ΕΞΕΤΑΣΗ,ΕΞΕΤΑΣΗ
ΕΞΟΦΛΗΣΗ,ΕΞΟΦΛΗΣΗ
ΕΞΥΠΗΡΕΤΗΣΗ,ΕΞΥΠΗΡΕΤΩ
ΕΞΥΠΗΡΕΤΩ,ΕΞΥΠΗΡΕΤΩ
ΕΞΩΤΕΡΙΚΟ,ΕΞΩΤΕΡΙΚΟ
ΕΠΙΔΟΜΑ,ΕΠΙΔΟΜΑ
ΕΠΙΤΡΟΠΗ,ΕΠΙΤΡΟΠΗ
ΕΡΧΕΤΑΙ_ΣΕ_ΜΕΝΑ,ΕΡΧΕΤΑΙ_ΣΕ_ΜΕΝΑ
ΕΡΧΟΜΑΙ_ΣΕ_ΜΕΝΑ,ΕΡΧΕΤΑΙ_ΣΕ_ΜΕΝΑ
ΕΣΕΙΣ_ΟΙ_ΔΥΟ,ΕΣΕΙΣ_ΟΙ_ΔΥΟ
ΕΣΥ,ΕΣΥ
ΕΣΥ_ΔΙΝΩ _ΕΜΕΝΑ,ΕΣΥ_ΔΙΝΩ_ΕΜΕΝΑ
ΕΣΥ_ΔΙΝΩ-ΕΜΕΝΑ,ΕΣΥ_ΔΙΝΩ_ΕΜΕΝΑ
ΕΣΥ_ΔΙΝΩ_ΕΜΕΝΑ,ΕΣΥ_ΔΙΝΩ_ΕΜΕΝΑ
ΕΣΥ_ΣΥΖΗΤΑΩ_ΑΥΤΟΝ,ΕΣΥ_ΣΥΖΗΤΑΩ_ΑΥΤΟΝ
ΕΤΟΙΜ,ΕΤΟΙΜΟ
ΕΤΟΙΜΟ,ΕΤΟΙΜΟ
ΕΤΟΙΜΟΣ,ΕΤΟΙΜΟ
ΕΥΘΥΝΗ,ΕΥΘΥΝΗ
ΕΥΡΩ,ΕΥΡΩ
ΕΥΧΑΡΙΣΤΏ,ΕΥΧΑΡΙΣΤΩ
ΕΥΧΑΡΙΣΤΩ,ΕΥΧΑΡΙΣΤΩ
ΕΥΧΑΡΙΣΤΩ ,ΕΥΧΑΡΙΣΤΩ
ΕΦΟΡΙΑ,ΕΦΟΡΙΑ
ΕΧΩ,ΕΧΩ
ΕΧΩ ,ΕΧΩ
ΖΑΛΑΔΑ,ΖΑΛΙΖΟΜΑΙ
ΖΑΛΙΖΟΜΑΙ,ΖΑΛΙΖΟΜΑΙ
Η,Η
ΗΜΕΡΑ,ΗΜΕΡΑ
ΗΜΕΡΕΣ,ΗΜΕΡΑ
ΗΜΕΡΕΣ\,ΗΜΕΡΑ
ΗΣΥΧΙΑ,ΗΣΥΧΙΑ
ΘΕΛΩ,ΘΕΛΩ
ΘΕΛΩΩ,ΘΕΛΩ
Ι.Μ.Ε.Ι.(Δ.Α.),ΙΜΕΙ(Δ.Α.)
ΙΔΙΟΚΤΗΤΗΣ,ΙΔΙΟΚΤΗΤΗΣ
ΙΚΑ,ΙΚΑ(Δ.Α.)
ΙΚΑ (Δ.Α.),ΙΚΑ(Δ.Α.)
ΙΚΑ(Δ.Α),ΙΚΑ(Δ.Α.)
ΙΚΑ(Δ.Α.),ΙΚΑ(Δ.Α.)
ΙΜΕΙ(.Δ.Α.),ΙΜΕΙ(Δ.Α.)
ΙΜΕΙ(Δ.Α),ΙΜΕΙ(Δ.Α.)
ΙΜΕΙ(Δ.Α.),ΙΜΕΙ(Δ.Α.)
ΙΣΤΟΣΕΛΙΔΑ,ΙΣΤΟΣΕΛΙΔΑ
ΚΑΙΝΟΥΡΓΙΟ,ΚΑΙΝΟΥΡΙΟ
ΚΑΙΝΟΥΡΙΟ,ΚΑΙΝΟΥΡΙΟ
ΚΑΛΑ_ΔΕΝ,ΚΑΛΑ_ΔΕΝ
ΚΑΛΗ,ΚΑΛΟ
ΚΑΛΟ,ΚΑΛΟ
ΚΑΛΟ ,ΚΑΛΟ
ΚΑΛΟΣ,ΚΑΛΟ
ΚΑΝΟΝΙΚΑ,ΚΑΝΟΝΙΚΑ
ΚΑΠΟΙΟΣ,ΚΑΠΟΙΟΣ
ΚΑΤΑΓΓΕΛΙΑ,ΚΑΤΑΓΓΕΛΙΑ
ΚΑΤΑΛΑΒΑΙΝΩ,ΚΑΤΑΛΑΒΑΙΝΩ
ΚΑΤΑΧΩΡΩ,ΚΑΤΑΧΩΡΩ
ΚΑΤΩ (1),ΚΑΤΩ(1)
ΚΑΤΩ(1),ΚΑΤΩ(1)
ΚΑΤΩ(2),ΚΑΤΩ(2)
ΚΑΦΕΣ,ΚΑΦΕΣ
ΚΕΠΑ (Δ.Α.),ΚΕΠΑ(Δ.Α.)
ΚΕΠΑ (Δ.Α.)\,ΚΕΠΑ(Δ.Α.)
ΚΕΠΑ(Δ.Α.),ΚΕΠΑ(Δ.Α.)
ΚΙΝΗΤΟ,ΚΙΝΗΤΟ
ΚΛΕΒΩ(1),ΚΛΕΒΩ(1)
ΚΛΕΒΩ(2)_ΕΜΕΝΑ,ΚΛΕΒΩ(2)_ΕΜΕΝΑ
ΚΛΕΒΩ(2)_ΕΣΕΝΑ,ΚΛΕΒΩ(2)_ΕΣΕΝΑ
ΚΟΙΛΙΑ,ΚΟΙΛΙΑ
ΚΟΚΚΙΝΟ(1),ΚΟΚΚΙΝΟ(1)
ΚΟΚΚΙΝΟ(2),ΚΟΚΚΙΝΟ(2)
ΚΟΝΤΟ,ΚΟΝΤΟ
ΚΟΤΟΠΟΥΛΟ,ΚΟΤΟΠΟΥΛΟ
ΚΡΑΤΗΣΗ,ΚΡΑΤΗΣΗ
ΚΤΕΟ,ΚΤΕΟ
ΚΥΒΙΚΑ,ΚΥΒΙΚΑ
ΚΥΡΙΑΚΗ,ΚΥΡΙΑΚΗ
ΚΩΦΟΣ,ΚΩΦΟΣ
ΚΩΦΩΝ,ΚΩΦΟΣ
ΛΕΠΤΟΜΕΡΕΙΕΣ,ΛΕΠΤΟΜΕΡΕΙΕΣ
ΛΙΓΟ,ΛΙΓΟ
ΛΟΓΑΡΙΑΣΜΟΣ,ΛΟΓΑΡΙΑΣΜΟΣ
ΛΟΓΑΡΙΑΣΜΟΣ ,ΛΟΓΑΡΙΑΣΜΟΣ
ΛΟΓΩ,ΛΟΓΩ
ΜΑΓΑΖΙ,ΜΑΓΑΖΙ
ΜΑΖΙ,ΜΑΖΙ
ΜΑΚΑΡΟΝΙΑ,ΜΑΚΑΡΟΝΙΑ
ΜΑΛΛΙΑ,ΜΑΛΛΙΑ
ΜΑΝΙΤΑΡΙΑ,ΜΑΝΙΤΑΡΙΑ
ΜΑΡΤΥΡΑΣ,ΜΑΡΤΥΡΑΣ
ΜΕΘΑΥΡΙΟ,ΜΕΘΑΥΡΙΟ
ΜΕΛΟΣ,ΜΕΛΟΣ
ΜΕΡΑ,ΗΜΕΡΑ
ΜΕΡΕΣ,ΗΜΕΡΑ
ΜΕΡΕΣ_ΤΡΕΙΣ,ΗΜΕΡΑ_ΤΡΕΙΣ
ΜΕΣΗΜΕΡΙ,ΜΕΣΗΜΕΡΙ
ΜΕΤΑ,ΜΕΤΑ
ΜΕΤΑΦΕΡΩ,ΜΕΤΑΦΕΡΩ
ΜΕΤΑΦΟΡΑ,ΜΕΤΑΦΕΡΩ
ΜΕΧΡΙ,ΜΕΧΡΙ
ΜΗ,ΜΗ
ΜΗΝΑΣ,ΜΗΝΑΣ
ΜΗΤΕΡΑ,ΜΗΤΕΡΑ
ΜΗΧΑΝΗ,ΜΗΧΑΝΗ
ΜΟΝΟ,ΜΟΝΟ
ΜΠΛΟΥΖΑ,ΜΠΛΟΥΖΑ
ΜΠΟΡΩ,ΜΠΟΡΩ
ΜΠΟΥΖΑ,ΜΠΛΟΥΖΑ
ΜΩΡΟ,ΜΩΡΟ
ΝΑ,ΝΑ
ΝΑΙ,ΝΑΙ
ΝΑΙ ,ΝΑΙ
ΝΕΡΟ,ΝΕΡΟ
ΝΙΩΘΩ,ΝΙΩΘΩ
ΝΙΩΘΩ ,ΝΙΩΘΩ
ΝΟΕΜΒΡΙΟΣ,ΝΟΕΜΒΡΙΟΣ
ΝΟΕΜΒΡΙΟΥ,ΝΟΕΜΒΡΙΟΣ
ΝΟΣΟΚΟΜΕΙΟ,ΝΟΣΟΚΟΜΕΙΟ
ΝΩΡΙΣ,ΝΩΡΙΣ
ΞΑΝΘΟ,ΞΑΝΘΟ
ΞΕΡΩ,ΞΕΡΩ
ΟΚ,ΟΚ
ΟΛΑ,ΟΛΑ
ΟΜΑΔΑ,ΟΜΑΔΑ
ΟΝΟΜΑ,ΟΝΟΜΑ
ΟΠΛΟ,ΟΜΛΟ
ΟΡΙΣΤΕ,ΟΡΙΣΤΕ
ΟΣΠΡΙΑ,ΟΣΠΡΙΑ
ΟΧΙ,ΟΧΙ
ΠΑ,ΠΑ
ΠΑ ,ΠΑ
ΠΑΘΑΙΝΨ,ΠΑΘΑΙΝΩ
ΠΑΘΑΙΝΩ,ΠΑΘΑΙΝΩ
ΠΑΘΟΛΟΓΟΣ,ΠΑΘΟΛΟΓΟΣ
ΠΑΙΡΝΩ,ΠΑΙΡΝΩ
ΠΑΛΙ,ΠΑΛΙ
ΠΑΛΙΟ,ΠΑΛΙΟ
ΠΑΝΤΕΛΟΝΙ,ΠΑΝΤΕΛΟΝΙ
ΠΑΠΟΥΤΣΙΑ,ΠΑΠΟΥΤΣΙΑ
ΠΑΡΑΒΟΛΟ,ΠΑΡΑΒΟΛΟ
ΠΑΡΑΚΑΛΩ,ΠΑΡΑΚΑΛΩ
ΠΑΡΑΛΙΑ,ΠΑΡΑΛΙΑ
ΠΑΡΑΠΟΝΟ,ΠΑΡΑΠΟΝΟ
ΠΑΡΕΛΘΟΝ_ΠΡΟΣΦΑΤΟ,ΠΑΡΕΛΘΟΝ_ΠΡΟΣΦΑΤΟ
ΠΕΜΠΤΟΝ,ΠΕΜΠΤΟΝ
ΠΕΡΙΓΡΑΦΩ,ΠΕΡΙΓΡΑΦΩ
ΠΕΡΙΜΕΝΩ,ΠΕΡΙΜΕΝΩ
ΠΕΡΙΟΔΟΣ,ΠΕΡΙΟΔΟΣ
ΠΗΓΑΙΝΩ,ΠΗΓΑΙΝΩ
ΠΗΓΑΙΝΩ ,ΠΗΓΑΙΝΩ
ΠΙΝΩ,ΠΙΝΩ
ΠΛΗΡΩΝΩ,ΠΛΗΡΩΝΩ
ΠΟΙΟΣ;,ΠΟΙΟΣ
ΠΟΛΥ,ΠΟΛΥ
ΠΟΛΥ ,ΠΟΛΥ
ΠΟΝΑΩ,ΠΟΝΑΩ
ΠΟΝΟΣ,ΠΟΝΑΩ
ΠΟΣΟ;,ΠΟΣΟ
ΠΟΤΕ,ΠΟΤΕ
ΠΟΤΕ;,ΠΟΤΕ
ΠΟΤΕ; ,ΠΟΤΕ
ΠΟΥ,ΠΟΥ
ΠΟΥ;,ΠΟΥ
ΠΡΕΠΕΙ,ΠΡΕΠΕΙ
ΠΡΕΠΕΙ ,ΠΡΕΠΕΙ
ΠΡΙΝ,ΠΡΙΝ
ΠΡΙΝ ,ΠΡΙΝ
ΠΡΟΒΛΗΜΑ,ΠΡΟΒΛΗΜΑ
ΠΡΟΝΟΙΑ,ΠΡΟΝΟΙΑ
ΠΡΟΣ,ΠΡΟΣ
ΠΡΟΣΦΑΤΟ_ΠΑΡΕΛΘΟΝ,ΠΑΡΕΛΘΟΝ_ΠΡΟΣΦΑΤΟ
ΠΡΩΙ,ΠΡΩΙ
ΠΡΩΤΗ _ΦΟΡΑ,ΠΡΩΤΗ_ΦΟΡΑ
ΠΡΩΤΗ_ΦΟΡΑ,ΠΡΩΤΗ_ΦΟΡΑ
ΠΡΩΤΟΝ,ΠΡΩΤΟΝ
ΠΥΡΕΤΟΣ,ΠΥΡΕΤΟΣ
ΠΩΣ;,ΠΩΣ
ΡΑΝΤΕΒΟΥ,ΡΑΝΤΕΒΟΥ
ΡΟΥΧΑ,ΡΟΥΧΑ
ΡΥΖΙ,ΡΥΖΙ
ΡΩΤΑΕΙ_ΕΜΕΝΑ,ΡΩΤΑΕΙ_ΕΜΕΝΑ
ΡΩΤΑΩ_ΕΜΕΝΑ,ΡΩΤΑΕΙ_ΕΜΕΝΑ
ΣΑΒΒΑΤΟ,ΣΑΒΒΑΤΟ
ΣΑΒΒΑΤΟ+ΚΥΡΙΑΚΗ,ΣΑΒΒΑΤΟ+ΚΥΡΙΑΚΗ
ΣΗΜΕΡΑ,ΣΗΜΕΡΑ
ΣΚΟΠΟΒΟΛΗ,ΣΚΟΠΟΒΟΛΗ
ΣΠΙΤΙ,ΣΠΙΤΙ
ΣΠΟΡ,ΣΠΟΡ
ΣΠΟΥΔΑΖΩ,ΣΠΟΥΔΑΖΩ
ΣΤΕΛΝΩ_ΕΣΕΝΑ_ΜΗΝΥΜΑ,ΣΤΕΛΝΩ_ΜΗΝΥΜΑ_ΕΣΕΝΑ
ΣΤΕΛΝΩ_ΜΗΝΥΜΑ,ΣΤΕΛΝΩ_ΜΗΝΥΜΑ_ΕΣΕΝΑ
ΣΤΕΛΝΩ_ΜΗΝΥΜΑ_ΕΣΕΝΑ,ΣΤΕΛΝΩ_ΜΗΝΥΜΑ_ΕΣΕΝΑ
ΣΤΟΙΧΕΙΑ,ΣΤΟΙΧΕΙΑ
ΣΤΟΜΑΧΙ,ΣΤΟΜΑΧΙ
ΣΤΥΛΟ,ΣΤΥΛΟ
ΣΥΜΜΕΤΕΧΩ,ΣΥΜΜΕΤΕΧΩ
ΣΥΜΜΕΤΟΧΗ,ΣΥΜΜΕΤΕΧΩ
ΣΥΜΠΛΗΡΩΝΩ,ΣΥΜΠΛΗΡΩΝΩ
ΣΥΝ,ΣΥΝ
ΣΥΝΕΧΕΙΑ,ΣΥΝΕΧΕΙΑ
ΣΦΡΑΓΙΔΑ,ΣΦΡΑΓΙΔΑ
ΤΑΎΤΟΤΗΤΑ,ΤΑΥΤΟΤΗΤΑ
ΤΑΞΙΔΙ,ΤΑΞΙΔΙ
ΤΑΥΤΟΤΗΤΑ,ΤΑΥΤΟΤΗΤΑ
ΤΑΥΤΟΤΗΤΑ ,ΤΑΥΤΟΤΗΤΑ
ΤΑΥΤΟΤΗΤΑ+ΕΓΩ,ΤΑΥΤΟΤΗΤΑ+ΕΓΩ
ΤΑΧΥΔΡΟΜΕΙΟ,ΤΑΧΥΔΡΟΜΕΙΟ
ΤΕΛΕΙΑ,ΤΕΛΕΙΑ
ΤΕΛΗ_ΚΥΚΛΟΦΟΡΙΑΣ,ΤΕΛΗ_ΚΥΚΛΟΦΟΡΙΑΣ
ΤΕΛΟΣ,ΤΕΛΟΣ
ΤΕΤΑΡΤΟΝ,ΤΕΤΑΡΤΟΝ
ΤΕΤΑΡΤΟΣΝ,ΤΕΤΑΡΤΟΝ
ΤΖΙΝ,ΤΖΙΝ
ΤΗΛΕΦΩΝΩ,ΤΗΛΕΦΩΝΩ
ΤΙ;,ΤΙ
ΤΙΠΟΤΑ,ΤΙΠΟΤΑ
ΤΟΠΟΘΕΤΩ,ΤΟΠΟΘΕΤΩ
ΤΟΠΟΘΕΤΩ ,ΤΟΠΟΘΕΤΩ
ΤΡΑΠΕΖΑ,ΤΡΑΠΕΖΑ
ΤΡΑΠΕΖΙ,ΤΡΑΠΕΖΙ
ΤΡΕΙΣ_ΜΕΡΕΣ,ΗΜΕΡΑ_ΤΡΕΙΣ
ΤΡΕΧΩ,ΤΡΕΧΩ
ΤΡΙΤΟΝ,ΤΡΙΤΟΝ
ΤΡΟΠΟΣ,ΤΡΟΠΟΣ
ΤΡΩΩ,ΤΡΩΩ
ΤΣΑΝΤΑ,ΤΣΑΝΤΑ
ΤΩΡΑ,ΤΩΡΑ
ΥΓΕΙΑ,ΥΓΕΙΑ
ΥΠΑΛΛΗΛΟΣ,ΥΠΑΛΛΗΛΟΣ
ΥΠΕΡΗΧΟΣ_ΚΟΙΛΙΑ,ΥΠΕΡΗΧΟΣ_ΚΟΙΛΙΑ
ΥΠΟΓΡΑΦΗ,ΥΠΟΓΡΑΦΗ
ΦΑΓΗΤΟ,ΦΑΓΗΤΟ
ΦΑΙΝΕΤΑΙ,ΦΑΙΝΕΤΑΙ
ΦΑΡΜΑΚΟ,ΦΑΡΜΑΚΟ
ΦΑΡΜΑΚΟ+ΧΑΠΙ,ΦΑΡΜΑΚΟ+ΧΑΠΙ
ΦΑΣΑΡΙΑ,ΦΑΣΑΡΙΑ
ΦΙΛΟΣ,ΦΙΛΟΣ
ΦΟΙΤΗΤΗΣ,ΦΟΙΤΗΤΗΣ
ΦΟΡΕΑΣ,ΦΟΡΕΑΣ
ΦΡΟΥΤΑ,ΦΡΟΥΤΑ
ΦΤΩΧΟΣ,ΦΤΩΧΟΣ
ΦΥΣΙΚΑ,ΦΥΣΙΚΑ
ΦΩΤΟΓΡΑΦΙΑ,ΦΩΤΟΓΡΑΦΙΑ
ΦΩΤΟΤΥΠΙΑ,ΦΩΤΟΤΥΠΙΑ
ΧΑΝΩ,ΧΑΝΩ
ΧΑΠΙ,ΧΑΠΙ
ΧΑΡΤ,ΧΑΡΤΙ
ΧΑΡΤΙ,ΧΑΡΤΙ
ΧΑΡΤΙ ,ΧΑΡΤΙ
ΧΑΡΤΙΑ,ΧΑΡΤΙΑ
ΧΟΡΤΑ,ΧΟΡΤΑ
ΧΡΕΙΑΖΟΜΑΙ,ΧΡΕΙΑΖΟΜΑΙ
ΧΡΟΝΙΑ,ΧΡΟΝΟΣ
ΧΡΟΝΩΝ,ΧΡΟΝΩΝ
ΧΡΟΝΩΝ   ,ΧΡΟΝΩΝ
ΨΑΡΙ,ΨΑΡΙ
ΨΑΧΝΩ,ΨΑΧΝΩ
ΨΗΛΟΣ,ΨΗΛΟΣ
ΩΡΑ,ΩΡΑ
ΩΡΑΙΑ,ΚΑΛΟ
